{
  "metadata": {
    "schemaVersion": "1.0",
    "importType": "LEX",
    "importFormat": "JSON"
  },
  "resource": {
    "name": "riskLevel",
    "version": "1",
    "enumerationValues": [
      {
        "value": "High",
        "synonyms": [
          "Maximum"
        ]
      },
      {
        "value": "Mid to High",
        "synonyms": [
          "Above average"
        ]
      },
      {
        "value": "Low to Mid",
        "synonyms": [
          "Below average"
        ]
      },
      {
        "value": "Low",
        "synonyms": [
          "Minimal"
        ]
      },
      {
        "value": "Mid",
        "synonyms": [
          "Average"
        ]
      },
      {
        "value": "None",
        "synonyms": [
          "Zero"
        ]
      }
    ],
    "valueSelectionStrategy": "TOP_RESOLUTION"
  }
}